Number,File Name
9,video.mp4; poster.pdf; supplementary9.pdf; paper.pdf;
12,video.mp4; poster.pdf; paper.pdf; supplementary12.zip; 
14,video.mp4; poster.pdf; paper.pdf; supplementary14.zip;
15,video.mp4; poster.pdf; paper.pdf; supplementary15.zip;
16,video.mp4; poster.pdf; paper.pdf; supplementary16.zip;
18,video.mp4; poster.pdf; supplementary18.zip; paper.pdf;
19,video.mp4; poster.pdf; supplementary19.pdf; paper.pdf; 
22,video.mp4; poster.pdf; supplementary22.zip; paper.pdf; 
23,supplementary23.pdf; video.mp4; poster.pdf; paper.pdf; 
25,video.mp4; poster.pdf; supplementary25.zip; paper.pdf; 
26,poster.pdf; paper.pdf; supplementary26.pdf;
28,video.mp4; poster.pdf; paper.pdf; supplementary28.zip;
31,video.mp4; poster.pdf; supplementary31.zip; paper.pdf;
32,paper.pdf; video.mp4; supplementary32.zip; poster.pdf;
33,video.mp4; poster.pdf; paper.pdf; supplementary33.pdf;
34,poster.pdf; paper.pdf; 
37,video.mp4; poster.pdf; paper.pdf; supplementary37.zip;
38,poster.pdf; paper.pdf; video.mp4; supplementary38.pdf;
39,video.mp4; poster.pdf; supplementary39.zip; paper.pdf;
41,video.mp4; supplementary41.zip; poster.pdf; paper.pdf;
42,poster.pdf; paper.pdf; supplementary42.zip;
43,video.mp4; poster.pdf; supplementary43.zip; paper.pdf;
45,video.mp4; poster.pdf; paper.pdf; supplementary452.zip;
46,video.mp4; poster.pdf; paper.pdf; 
47,video.mp4; poster.pdf; supplementary47.zip; paper.pdf;
53,poster.pdf; paper.pdf; video.mp4; supplementary53.zip;
54,video.mp4; poster.pdf; paper.pdf; supplementary54.pdf; 
60,paper.pdf; video.mp4; poster.pdf; supplementary60.zip;
64,video.mp4; poster.pdf; supplementary64.pdf; paper.pdf;
66,paper.pdf; video.mp4; poster.pdf; supplementary66.zip;
70,poster.pdf; paper.pdf;
74,video.mp4; poster.pdf; supplementary74.zip; paper.pdf;
76,paper.pdf; video.mp4; supplementary76.zip; poster.pdf;
77,video.mp4; supplementary77.zip; poster.pdf; paper.pdf;
85,paper.pdf; video.mp4; poster.pdf; supplementary85.pdf; 
100,video.mp4; poster.pdf; supplementary100.zip; paper.pdf; 
101,video.mp4; poster.pdf; supplementary101.zip; paper.pdf;
102,paper.pdf; poster.pdf; supplementary102.zip; 
103,video.mp4; supplementary103.zip; poster.pdf; paper.pdf; 
104,video.mp4; poster.pdf; paper.pdf; 
108,video.mp4; poster.pdf; supplementary108.zip; paper.pdf; 
111,video.mp4; supplementary111.zip; poster.pdf; paper.pdf; 
113,poster.pdf; paper.pdf; 
114,video.mp4; poster.pdf; supplementary114.zip; paper.pdf; 
115,video.mp4; poster.pdf; supplementary115.pdf; paper.pdf; 
133,poster.pdf; supplementary133.pdf; paper.pdf; 
135,video.mp4; poster.pdf; supplementary135.zip; paper.pdf; 
136,video.mp4; poster.pdf; supplementary136.zip; paper.pdf; 
137,video.mp4; supplementary137.zip; poster.pdf; paper.pdf; 
140,video.mp4; poster.pdf; paper.pdf; supplementary140.zip; 
142,video.mp4; supplementary142.zip; poster.pdf; paper.pdf; 
145,video.mp4; poster.pdf; paper.pdf; 
147,supplementary147.zip; video.mp4; poster.pdf; paper.pdf; 
150,poster.pdf; paper.pdf; supplementary150.pdf; 
152,video.mp4; poster.pdf; supplementary152.zip; paper.pdf; 
164,poster.pdf; paper.pdf; 
165,supplementary165.zip; paper.pdf; 
166,video.mp4; poster.pdf; paper.pdf; 
168,poster.pdf; supplementary168.pdf; paper.pdf; 
180,video.mp4; poster.pdf; supplementary180.zip; paper.pdf; 
183,video.mp4; poster.pdf; supplementary183.pdf; paper.pdf; 
184,video.mp4; poster.pdf; supplementary184.zip; paper.pdf; 
185,video.mp4; poster.pdf; supplementary185.pdf; paper.pdf; 
188,video.mp4; poster.pdf; paper.pdf; supplementary188.zip; 
199,video.mp4; poster.pdf; supplementary199.pdf; paper.pdf; 
200,video.mp4; poster.pdf; paper.pdf; 
201,video.mp4; poster.pdf; paper.pdf; 
203,video.mp4; poster.pdf; supplementary203.pdf; paper.pdf; 
205,video.mp4; poster.pdf; paper.pdf; 
207,video.mp4; poster.pdf; supplementary207.pdf; paper.pdf; 
210,video.mp4; poster.pdf; supplementary210.zip; paper.pdf; 
211,video.mp4; poster.pdf; paper.pdf; 
212,video.mp4; poster.pdf; supplementary212.pdf; paper.pdf; 
213,video.mp4; poster.pdf; supplementary213.pdf; paper.pdf; 
215,video.mp4; poster.pdf; supplementary215.zip; paper.pdf; 
216,video.mp4; supplementary216.zip; poster.pdf; paper.pdf; 
217,poster.pdf; paper.pdf; supplementary217.pdf; video.mov; 
218,video.mp4; supplementary218.pdf; poster.pdf; paper.pdf; 
223,video.mp4; poster.pdf; supplementary223.zip; paper.pdf; 
227,video.mp4; poster.pdf; supplementary227.zip; paper.pdf; 
228,video.mp4; poster.pdf; paper.pdf; 
240,video.mp4; poster.pdf; supplementary240.zip; paper.pdf; 
245,video.mp4; poster.pdf; paper.pdf; 
249,video.mp4; poster.pdf; paper.pdf; 
250,video.mp4; poster.pdf; supplementary250.zip; paper.pdf; 
256,video.mp4; poster.pdf; supplementary256.zip; paper.pdf; 
257,supplementary257.zip; poster.pdf; paper.pdf; 
262,video.mp4; poster.pdf; paper.pdf; 
263,video.mp4; poster.pdf; supplementary263.zip; paper.pdf; 
267,video.mp4; poster.pdf; supplementary267.zip; paper.pdf; 
287,video.mp4; poster.pdf; supplementary287.zip; paper.pdf; 
288,video.mp4; poster.pdf; paper.pdf; 
290,video.mp4; poster.pdf; paper.pdf; supplementary290.pdf; 
295,video.mp4; poster.pdf; paper.pdf; 
297,video.mp4; poster.pdf; paper.pdf; supplementary297.zip; 
299,supplementary299.pdf; poster.pdf; paper.pdf; 
303,video.mp4; poster.pdf; supplementary303.pdf; paper.pdf; 
304,video.mp4; poster.pdf; paper.pdf; supplementary304.zip; 
305,video.mp4; poster.pdf; paper.pdf; supplementary305.pdf; 
307,supplementary307.pdf; paper.pdf; 
308,video.mp4; poster.pdf; supplementary308.pdf; paper.pdf; 
317,video.mp4; poster.pdf; paper.pdf; 
318,video.mp4; poster.pdf; supplementary318.pdf; paper.pdf; 
319,video.mp4; poster.pdf; supplementary319.zip; paper.pdf; 
323,video.mp4; poster.pdf; supplementary323.zip; paper.pdf; 
328,poster.pdf; paper.pdf; 
329,video.mp4; poster.pdf; paper.pdf; 
330,video.mp4; poster.pdf; supplementary330.zip; paper.pdf; 
335,video.mp4; poster.pdf; supplementary335.pdf; paper.pdf; 
339,supplementary339.pdf; video.mp4; poster.pdf; paper.pdf; 
342,video.mp4; supplementary342.zip; poster.pdf; paper.pdf; 
346,video.mp4; supplementary346.zip; poster.pdf; paper.pdf; 
352,video.mp4; poster.pdf; supplementary352.zip; paper.pdf; 
358,video.mp4; poster.pdf; paper.pdf; supplementary358.zip; 
361,video.mp4; poster.pdf; supplementary361.zip; paper.pdf; 
362,video.mp4; supplementary362.pdf; poster.pdf; paper.pdf; 
365,video.mp4; poster.pdf; supplementary365.zip; paper.pdf; 
369,video.mp4; supplementary369.zip; poster.pdf; paper.pdf; 
374,video.mp4; poster.pdf; supplementary374.zip; paper.pdf; 
375,video.mp4; poster.pdf; paper.pdf; 
384,poster.pdf; paper.pdf; 
388,video.mp4; poster.pdf; supplementary388.pdf; paper.pdf; 
391,video.mp4; poster.pdf; supplementary391.pdf; paper.pdf; 
392,video.mp4; poster.pdf; supplementary392.pdf; paper.pdf; 
401,video.mp4; poster.pdf; supplementary401.zip; paper.pdf; 
406,video.mp4; poster.pdf; supplementary406.zip; paper.pdf; 
414,video.mp4; poster.pdf; paper.pdf; supplementary414.pdf; 
416,video.mp4; poster.pdf; supplementary416.pdf; paper.pdf; 
417,poster.pdf; paper.pdf; 
420,video.mp4; poster.pdf; paper.pdf; supplementary420.zip; 
421,video.mp4; poster.pdf; paper.pdf; supplementary421.zip; 
424,supplementary424.pdf; paper.pdf; 
425,video.mp4; poster.pdf; paper.pdf; 
426,video.mp4; supplementary426.zip; poster.pdf; paper.pdf; 
427,poster.pdf; paper.pdf; 
432,video.mp4; poster.pdf; paper.pdf; supplementary432.pdf; 
433,video.mp4; poster.pdf; paper.pdf; 
437,video.mp4; poster.pdf; paper.pdf; 
440,supplementary440.pdf; poster.pdf; paper.pdf; 
448,poster.pdf; supplementary448.zip; paper.pdf; 
452,video.mp4; poster.pdf; paper.pdf; supplementary452.zip; 
457,video.mp4; poster.pdf; supplementary457.zip; paper.pdf; 
472,poster.pdf; paper.pdf; 
480,video.mp4; poster.pdf; paper.pdf; 
482,video.mp4; poster.pdf; supplementary482.pdf; paper.pdf; 
486,video.mp4; poster.pdf; paper.pdf; 
492,video.mp4; poster.pdf; supplementary492.pdf; paper.pdf; 
493,video.mp4; poster.pdf; paper.pdf; 
499,video.mp4; poster.pdf; supplementary499.zip; paper.pdf; 
500,video.mp4; poster.pdf; paper.pdf; 
505,video.mp4; poster.pdf; supplementary505.pdf; paper.pdf; 
508,video.mp4; poster.pdf; supplementary508.zip; paper.pdf; 
510,poster.pdf; paper.pdf; 
517,video.mp4; poster.pdf; supplementary517.zip; paper.pdf; 
524,video.mp4; poster.pdf; supplementary524.zip; paper.pdf; 
528,video.mp4; poster.pdf; paper.pdf; supplementary528.zip; 
532,poster.pdf; supplementary532.zip; paper.pdf; 
533,supplementary533.pdf; poster.pdf; paper.pdf; 
534,video.mp4; poster.pdf; supplementary534.zip; paper.pdf; 
537,supplementary537.pdf; video.mp4; poster.pdf; paper.pdf; 
545,video.mp4; poster.pdf; supplementary545.zip; paper.pdf; 
546,video.mp4; supplementary546.pdf; poster.pdf; paper.pdf; 
557,poster.pdf; paper.pdf; supplementary557.pdf; 
563,video.mp4; poster.pdf; supplementary563.zip; paper.pdf; 
566,video.mp4; poster.pdf; supplementary566.pdf; paper.pdf; 
568,poster.pdf; paper.pdf; supplementary568.zip; 
572,video.mp4; poster.pdf; supplementary572.pdf; paper.pdf; 
577,video.mp4; supplementary577.pdf; poster.pdf; paper.pdf; 
579,video.mp4; poster.pdf; paper.pdf; supplementary579.pdf; 
584,video.mp4; poster.pdf; supplementary584.pdf; paper.pdf; 
595,video.mp4; poster.pdf; supplementary595.zip; paper.pdf; 
597,video.mp4; poster.pdf; supplementary597.zip; paper.pdf; 
599,video.mp4; poster.pdf; paper.pdf; supplementary599.zip; 
601,video.mp4; poster.pdf; supplementary601.zip; paper.pdf; 
606,video.mp4; poster.pdf; supplementary606.zip; paper.pdf; 
609,video.mp4; poster.pdf; paper.pdf; 
611,video.mp4; poster.pdf; paper.pdf; 
615,video.mp4; poster.pdf; paper.pdf; supplementary615.zip; 
619,paper.pdf; 
622,poster.pdf; paper.pdf; 
627,video.mp4; poster.pdf; paper.pdf; 
630,video.mp4; poster.pdf; paper.pdf; 
637,video.mp4; poster.pdf; paper.pdf; 
642,poster.pdf; supplementary642.zip; paper.pdf; 
648,video.mp4; poster.pdf; paper.pdf; 
650,paper.pdf; 
657,video.mp4; supplementary657.zip; poster.pdf; paper.pdf; 
659,video.mp4; poster.pdf; paper.pdf; supplementary659.zip; 
663,video.mp4; poster.pdf; paper.pdf; 
667,video.mp4; poster.pdf; supplementary667.zip; paper.pdf; 
670,video.mp4; poster.pdf; paper.pdf; 
678,video.mp4; poster.pdf; supplementary678.zip; paper.pdf; 
680,video.mp4; poster.pdf; supplementary680.zip; paper.pdf; 
681,video.mp4; poster.pdf; paper.pdf; supplementary681.pdf; 
685,poster.pdf; paper.pdf; 
686,video.mp4; poster.pdf; supplementary686.zip; paper.pdf; 
689,video.mp4; poster.pdf; supplementary689.pdf; paper.pdf; 
692,video.mp4; poster.pdf; paper.pdf; 
695,video.mp4; supplementary695.pdf; poster.pdf; paper.pdf; 
697,poster.pdf; supplementary697.zip; paper.pdf; 
707,video.mp4; poster.pdf; paper.pdf; 
721,video.mp4; poster.pdf; supplementary721.zip; paper.pdf; 
723,supplementary723.pdf; paper.pdf; 
727,video.mp4; poster.pdf; paper.pdf; 
729,video.mp4; poster.pdf; paper.pdf; 
731,video.mp4; poster.pdf; paper.pdf; 
736,video.mp4; supplementary736.zip; poster.pdf; paper.pdf; 
737,video.mp4; poster.pdf; supplementary737.zip; paper.pdf; 
738,video.mp4; poster.pdf; supplementary738.pdf; paper.pdf; 
740,video.mp4; poster.pdf; supplementary740.zip; paper.pdf; 
745,video.mp4; poster.pdf; paper.pdf; 
746,video.mp4; poster.pdf; supplementary746.zip; paper.pdf; 
753,video.mp4; supplementary753.pdf; poster.pdf; paper.pdf; 
754,poster.pdf; paper.pdf; supplementary754.zip; 
755,video.mp4; poster.pdf; supplementary755.zip; paper.pdf; 
762,poster.pdf; paper.pdf; supplementary762.zip; 
763,video.mp4; poster.pdf; supplementary763.pdf; paper.pdf; 
769,video.mp4; poster.pdf; paper.pdf; 
775,video.mp4; poster.pdf; supplementary775.zip; paper.pdf; 
779,video.mp4; poster.pdf; supplementary779.zip; paper.pdf; 
787,video.mp4; poster.pdf; supplementary787.zip; paper.pdf; 
790,video.mp4; poster.pdf; paper.pdf; supplementary790.zip; 
797,video.mp4; poster.pdf; paper.pdf; 
828,video.mp4; supplementary828.zip; poster.pdf; paper.pdf; 
833,video.mp4; poster.pdf; supplementary833.zip; paper.pdf; 
853,video.mp4; poster.pdf; supplementary853.pdf; paper.pdf; 
854,video.mp4; poster.pdf; paper.pdf; supplementary854.zip; 
857,video.mp4; poster.pdf; paper.pdf; supplementary857.zip; 
859,video.mp4; poster.pdf; supplementary859.pdf; paper.pdf; 
863,video.mp4; poster.pdf; supplementary863.zip; paper.pdf; 
865,video.mp4; poster.pdf; supplementary865.zip; paper.pdf; 
866,video.mp4; poster.pdf; paper.pdf; supplementary866.zip; 
878,poster.pdf; supplementary878.zip; paper.pdf; 
882,video.mp4; poster.pdf; supplementary882.pdf; paper.pdf; 
885,supplementary885.pdf; poster.pdf; paper.pdf; 
887,video.mp4; poster.pdf; paper.pdf; supplementary887.zip; 
895,video.mp4; poster.pdf; supplementary895.pdf; paper.pdf; 
897,video.mp4; poster.pdf; paper.pdf; 
900,video.mp4; poster.pdf; supplementary900.pdf; paper.pdf; 
902,video.mp4; poster.pdf; supplementary902.pdf; paper.pdf; 
911,video.mp4; poster.pdf; paper.pdf; 
913,video.mp4; poster.pdf; supplementary913.zip; paper.pdf; 
922,video.mp4; poster.pdf; paper.pdf; 
927,video.mp4; poster.pdf; supplementary927.pdf; paper.pdf; 
929,supplementary929.zip; video.mp4; poster.pdf; paper.pdf; 
932,video.mp4; poster.pdf; paper.pdf; supplementary932.zip; 
933,video.mp4; poster.pdf; supplementary933.zip; paper.pdf; 
936,video.mp4; poster.pdf; paper.pdf; 
939,video.mp4; poster.pdf; paper.pdf; 
945,video.mp4; supplementary945.zip; poster.pdf; paper.pdf; 
947,supplementary947.zip; video.mp4; poster.pdf; paper.pdf; 
949,video.mp4; poster.pdf; supplementary949.zip; paper.pdf; 
954,video.mp4; poster.pdf; paper.pdf; 
957,video.mp4; poster.pdf; paper.pdf; 
959,video.mp4; poster.pdf; supplementary959.zip; paper.pdf; 
967,video.mp4; poster.pdf; supplementary967.pdf; paper.pdf; 
977,poster.pdf; supplementary977.pdf; paper.pdf; 
986,video.mp4; poster.pdf; supplementary986.zip; paper.pdf; 
987,video.mp4; poster.pdf; supplementary987.zip; paper.pdf; 
991,video.mp4; poster.pdf; paper.pdf; 
998,video.mp4; poster.pdf; paper.pdf; supplementary998.zip; 
1013,video.mp4; poster.pdf; paper.pdf; supplementary1013.pdf; 
1020,video.mp4; supplementary1020.zip; poster.pdf; paper.pdf; 
